employee_id,login_time,logout_time,total_tasks_completed,weekly_absences,productivity_score
1,9,16,65,2,56
2,9,17,82,1,54
3,10,17,76,2,62
4,10,17,110,2,74
5,8,14,97,1,58
6,10,17,70,3,65
7,8,17,95,2,73
8,9,17,63,3,67
9,8,14,77,1,49
10,8,15,84,2,57
11,10,18,78,1,50
12,8,14,100,2,69
13,10,17,116,1,60
14,8,14,69,1,45
15,10,17,51,2,48
16,8,14,76,0,30
17,8,14,92,2,64
18,8,14,89,2,60
19,10,18,114,2,74
20,8,17,117,1,66
21,8,14,89,3,73
22,9,14,40,2,42
23,8,17,88,0,47
24,10,16,76,2,55
25,8,17,65,2,54
26,9,16,131,2,80
27,10,16,64,1,44
28,9,16,101,2,62
29,9,16,114,3,89
30,10,17,62,2,51
31,9,19,69,1,54
32,8,16,101,3,79
33,10,17,121,2,72
34,8,16,98,2,72
35,8,17,87,2,72
36,10,18,46,2,47
37,9,15,97,1,54
38,9,17,98,2,68
39,10,16,114,3,77
40,9,15,123,2,65
41,10,17,102,2,63
42,9,17,106,1,58
43,9,15,104,2,60
44,8,16,78,1,51
45,10,19,103,2,77
46,8,16,101,1,64
47,8,16,101,1,60
48,8,16,90,2,69
49,10,17,68,3,61
50,10,19,98,2,73
51,9,16,79,1,52
52,10,17,61,2,51
53,9,17,108,1,65
54,10,18,81,1,51
55,8,16,112,2,69
56,8,15,110,3,77
57,9,14,65,1,43
58,9,18,82,2,70
59,8,16,92,2,61
60,9,15,101,2,61
61,10,18,106,3,77
62,10,15,100,2,59
63,9,17,79,2,60
64,10,16,69,3,61
65,8,15,55,1,46
66,8,16,80,0,47
67,10,17,80,3,66
68,10,18,95,2,66
69,8,16,85,2,61
70,10,18,74,2,61
71,8,15,74,2,53
72,8,14,87,2,62
73,9,18,72,1,52
74,10,16,104,2,72
75,9,16,134,3,85
76,9,16,111,1,64
77,10,18,85,3,74
78,10,17,115,1,65
79,10,17,101,2,68
80,8,15,66,2,56
81,8,15,90,2,58
82,9,16,88,4,79
83,10,18,95,3,75
84,10,20,88,2,71
85,8,15,86,1,49
86,9,16,90,2,70
87,10,19,73,1,51
88,9,17,86,2,64
89,8,17,125,3,92
90,8,16,92,2,64
91,9,16,74,2,58
92,9,16,111,1,58
93,9,16,126,2,81
94,8,15,65,1,44
95,8,15,112,1,57
96,9,16,75,2,58
97,9,15,67,2,51
98,10,17,121,2,76
99,8,15,61,3,60
100,10,16,85,1,50
101,9,19,84,1,53
102,10,19,69,2,57
103,8,16,79,3,72
104,9,16,94,0,42
105,9,15,90,2,65
106,10,16,80,3,63
107,10,18,118,1,65
108,10,17,98,3,71
109,9,15,108,2,66
110,10,18,116,2,73
111,8,17,83,1,61
112,8,17,63,1,50
113,8,15,95,1,56
114,9,16,106,1,57
115,9,15,58,2,47
116,9,17,124,3,83
117,10,16,80,2,58
118,8,13,65,3,62
119,10,17,101,3,79
120,10,19,82,2,63
121,10,18,105,2,68
122,9,17,104,2,68
123,10,17,117,1,63
124,9,15,113,1,57
125,10,17,70,2,60
126,8,15,61,2,53
127,9,17,112,2,70
128,9,18,95,2,74
129,8,15,108,2,65
130,9,17,68,1,51
131,8,13,88,2,60
132,9,17,81,3,69
133,9,16,108,2,68
134,9,16,99,3,76
135,9,16,65,2,54
136,9,16,89,2,60
137,10,18,72,2,60
138,9,16,102,2,67
139,10,16,120,2,68
140,9,17,145,3,99
141,8,14,107,1,58
142,8,16,90,2,72
143,10,18,66,4,81
144,10,17,94,2,61
145,8,14,37,1,34
146,9,17,100,2,68
147,10,18,71,2,59
148,8,15,66,2,50
149,9,17,108,2,68
150,10,16,126,2,70
151,10,16,95,1,55
152,9,15,82,1,51
153,10,18,81,1,54
154,8,16,78,1,55
155,9,17,83,2,60
156,8,15,84,2,62
157,8,16,78,1,47
158,9,15,89,2,61
159,8,18,76,2,68
160,10,17,102,2,63
161,9,14,87,2,54
162,10,17,61,3,60
163,10,14,79,2,52
164,8,15,78,2,63
165,8,16,79,2,60
166,8,15,52,2,48
167,10,15,77,2,52
168,8,18,101,2,77
169,10,18,94,3,76
170,10,16,102,1,51
171,10,17,96,1,52
172,8,16,63,3,62
173,8,18,88,3,80
174,9,16,87,1,53
175,9,16,101,2,63
176,9,18,100,2,76
177,10,15,97,2,58
178,10,17,88,2,64
179,10,14,91,3,67
180,10,18,94,2,63
181,9,16,126,3,87
182,8,15,123,1,69
183,8,16,106,2,71
184,9,16,101,2,64
185,10,17,72,2,55
186,8,15,68,3,65
187,8,14,76,1,49
188,8,17,120,1,67
189,9,15,116,2,72
190,8,16,65,1,52
191,9,16,70,3,63
192,10,17,102,1,60
193,9,17,102,1,59
194,9,17,113,1,65
195,10,18,96,2,64
196,10,16,82,2,61
197,10,19,77,2,60
198,8,14,110,1,53
199,9,15,63,2,50
200,9,17,61,2,59
201,10,15,80,1,42
202,10,18,78,3,69
203,9,17,108,3,80
204,8,15,109,3,73
205,10,17,67,2,55
206,10,18,90,1,59
207,8,16,91,2,66
208,8,15,110,2,73
209,9,17,85,1,56
210,8,15,51,1,41
211,10,18,106,3,77
212,9,16,98,3,76
213,8,15,95,1,55
214,9,16,82,1,53
215,9,17,74,2,55
216,10,18,95,2,65
217,10,16,93,2,64
218,8,16,82,1,47
219,10,16,84,3,68
220,10,17,71,1,47
221,10,18,48,1,42
222,8,15,67,2,51
223,8,16,84,2,60
224,10,18,85,2,59
225,9,17,77,1,48
226,9,17,110,1,68
227,9,19,108,2,77
228,9,15,84,3,70
229,8,15,91,2,59
230,8,16,67,2,55
231,10,18,106,1,67
232,9,16,100,2,73
233,8,17,123,2,82
234,8,15,96,3,74
235,9,15,97,3,75
236,9,15,50,3,52
237,8,15,65,2,50
238,10,18,109,2,71
239,8,16,52,1,37
240,8,17,100,3,78
241,9,16,54,1,40
242,10,15,70,4,72
243,8,14,72,1,43
244,9,17,96,1,62
245,9,17,81,3,70
246,8,15,96,2,63
247,9,16,94,1,52
248,10,20,91,2,70
249,8,16,66,2,51
250,10,18,64,2,51
251,10,17,103,2,69
252,9,16,84,2,58
253,8,16,88,3,81
254,8,15,55,2,47
255,8,17,94,2,69
256,8,16,106,2,71
257,8,17,105,2,70
258,9,18,109,2,71
259,8,16,91,2,66
260,8,17,118,2,82
261,8,16,97,2,69
262,9,16,77,3,65
263,10,17,86,2,62
264,9,17,101,2,73
265,8,16,91,3,74
266,9,15,101,2,62
267,8,14,119,2,71
268,9,16,82,3,75
269,10,17,82,2,55
270,9,16,73,3,67
271,9,15,125,3,85
272,10,18,83,1,49
273,8,13,134,2,75
274,10,16,105,1,59
275,10,16,97,1,53
276,9,16,108,2,68
277,9,16,90,2,58
278,8,13,110,2,68
279,9,15,76,2,59
280,10,16,65,2,51
281,8,14,77,1,49
282,10,17,76,2,60
283,8,17,78,2,66
284,8,15,88,2,59
285,8,15,116,1,65
286,9,18,64,2,63
287,9,15,119,3,83
288,10,17,82,2,57
289,9,16,83,1,49
290,9,17,65,2,60
291,10,19,76,1,58
292,9,16,119,2,77
293,8,14,88,3,66
294,10,16,74,2,58
295,9,18,103,2,76
296,10,16,74,3,62
297,8,14,90,2,57
298,9,18,74,1,53
299,10,17,63,1,49
300,10,18,88,2,67
301,8,15,81,2,64
302,8,15,76,2,61
303,9,14,81,3,62
304,8,15,106,2,72
305,9,15,86,1,51
306,10,18,68,2,57
307,10,19,61,2,55
308,8,16,101,0,53
309,10,16,126,2,75
310,9,16,88,2,57
311,9,14,97,2,63
312,8,16,86,2,66
313,10,15,108,2,63
314,9,16,108,3,82
315,9,16,64,2,54
316,9,15,91,2,61
317,8,17,92,0,54
318,9,17,97,2,63
319,10,17,76,0,40
320,9,16,110,3,79
321,9,16,79,1,51
322,8,14,71,1,48
323,10,18,79,2,67
324,10,17,90,2,66
325,8,14,83,3,65
326,10,19,36,2,47
327,10,16,72,1,49
328,9,17,81,1,53
329,10,16,73,2,52
330,9,17,75,2,60
331,10,16,89,3,73
332,9,19,68,2,64
333,9,13,75,2,50
334,9,17,38,1,33
335,10,18,92,1,60
336,9,15,95,1,57
337,8,16,104,1,62
338,10,18,79,1,51
339,10,17,96,2,63
340,10,17,116,2,66
341,8,15,84,3,71
342,9,16,105,2,66
343,8,15,76,2,54
344,8,15,64,2,52
345,9,17,104,2,70
346,8,15,90,2,60
347,10,18,86,2,60
348,9,15,70,1,48
349,10,18,75,1,55
350,9,16,103,1,58
351,10,17,79,3,65
352,8,14,90,3,67
353,9,18,77,2,67
354,10,15,90,2,63
355,9,17,87,1,56
356,9,16,97,2,72
357,10,16,73,2,51
358,10,17,96,2,72
359,10,18,99,1,57
360,10,19,91,1,58
361,9,16,74,1,54
362,9,16,102,1,54
363,10,18,105,1,62
364,8,17,84,3,72
365,10,17,103,2,69
366,10,16,101,3,75
367,8,14,106,2,69
368,9,16,64,1,49
369,10,16,97,2,69
370,9,17,92,1,56
371,9,17,71,2,60
372,10,16,96,2,57
373,9,16,81,1,53
374,8,16,90,2,67
375,9,18,95,1,63
376,10,18,96,2,71
377,10,21,101,2,75
378,10,16,66,3,65
379,10,17,102,1,56
380,10,18,108,2,77
381,10,18,116,2,79
382,10,17,118,2,75
383,8,15,65,2,53
384,8,17,85,2,65
385,8,15,96,1,55
386,10,17,85,1,55
387,9,16,94,2,68
388,8,14,85,2,55
389,10,15,111,3,71
390,9,16,105,3,80
391,10,17,73,2,57
392,8,16,71,0,39
393,8,13,104,2,60
394,9,17,91,2,63
395,9,16,106,2,75
396,9,16,84,3,71
397,8,14,68,1,43
398,8,17,49,1,46
399,10,17,136,2,81
400,8,15,90,2,68
401,9,16,104,2,66
402,10,16,98,1,55
403,9,17,76,2,63
404,10,17,88,2,68
405,9,16,78,0,43
406,9,17,101,2,69
407,9,17,116,2,74
408,10,19,98,2,68
409,9,16,78,2,56
410,10,20,111,1,66
411,9,17,97,2,67
412,10,17,100,2,67
413,9,15,59,3,55
414,10,16,82,2,54
415,10,15,62,2,44
416,9,14,107,3,75
417,8,14,53,2,47
418,10,16,108,2,69
419,9,16,124,3,85
420,9,16,74,1,46
421,10,18,82,1,57
422,8,15,107,2,71
423,9,15,57,1,42
424,8,15,66,1,49
425,9,14,56,1,35
426,8,17,55,1,44
427,8,15,93,3,70
428,9,16,75,2,60
429,8,13,100,3,75
430,9,18,73,3,71
431,10,17,78,2,55
432,9,17,106,2,69
433,8,15,89,2,60
434,8,14,107,3,75
435,8,15,102,3,79
436,10,17,72,2,56
437,10,16,89,2,63
438,8,15,64,3,62
439,8,16,67,2,58
440,9,17,88,1,57
441,9,16,110,1,64
442,10,19,94,2,69
443,10,16,62,2,46
444,9,16,86,2,63
445,8,16,87,2,64
446,10,16,84,2,61
447,10,18,72,1,49
448,9,16,85,3,67
449,10,18,112,2,70
450,9,15,87,1,46
451,9,15,77,0,35
452,9,16,97,2,63
453,9,18,63,1,51
454,8,15,85,3,68
455,8,14,53,2,49
456,9,15,99,1,59
457,9,17,59,2,59
458,9,16,120,3,87
459,10,16,85,1,52
460,8,16,150,2,82
461,8,13,91,2,60
462,9,16,63,1,48
463,9,15,93,2,63
464,8,17,73,2,62
465,8,15,92,1,56
466,10,17,114,2,75
467,8,15,68,2,55
468,9,15,98,3,69
469,10,18,97,2,64
470,10,17,119,1,60
471,9,16,82,1,52
472,9,15,118,2,69
473,8,16,99,1,59
474,10,15,95,1,54
475,8,13,77,2,54
476,10,15,119,2,69
477,8,13,96,1,53
478,9,15,95,2,58
479,8,17,85,2,69
480,10,17,85,3,77
481,10,14,81,3,57
482,9,16,99,3,73
483,9,18,66,2,64
484,8,13,102,2,60
485,9,16,96,3,70
486,10,16,73,2,57
487,8,16,103,2,74
488,10,16,104,2,69
489,8,15,115,2,75
490,8,15,90,2,66
491,9,15,93,2,64
492,9,15,115,2,67
493,8,15,99,1,52
494,10,17,96,3,70
495,8,16,88,1,51
496,8,14,79,1,45
497,9,14,83,1,50
498,9,15,63,2,53
499,10,16,75,2,55
500,9,16,81,2,64
501,9,16,86,2,62
502,9,15,109,3,73
503,9,15,101,1,56
504,10,17,139,3,93
505,9,16,104,3,75
506,8,16,63,2,57
507,9,17,80,1,56
508,8,14,112,2,68
509,9,14,113,2,67
510,10,17,111,2,75
511,8,16,102,1,56
512,8,15,50,2,44
513,9,17,82,1,52
514,9,16,92,1,52
515,10,18,102,1,64
516,9,16,116,1,60
517,9,15,111,2,70
518,10,18,95,2,65
519,9,16,93,1,57
520,9,17,70,2,53
521,10,18,92,1,57
522,8,15,119,1,67
523,8,16,110,2,71
524,10,19,107,3,87
525,8,15,71,2,59
526,10,17,74,1,53
527,9,17,70,1,53
528,8,17,80,2,68
529,10,19,77,2,63
530,10,17,109,2,68
531,9,16,125,2,77
532,10,16,80,2,62
533,10,17,118,1,61
534,9,16,86,2,61
535,9,14,91,2,60
536,10,16,99,2,64
537,9,16,79,3,66
538,8,16,99,2,71
539,9,16,58,2,54
540,10,19,117,3,85
541,9,16,75,2,60
542,10,17,100,2,63
543,10,16,105,3,74
544,9,17,64,2,58
545,8,15,120,2,68
546,10,14,83,3,61
547,10,18,92,2,69
548,9,16,64,2,49
549,10,16,91,3,72
550,8,16,93,3,75
551,10,17,99,2,70
552,9,15,133,2,78
553,10,17,65,2,53
554,8,15,79,1,53
555,8,17,94,3,77
556,10,17,86,2,59
557,8,15,78,2,58
558,9,18,85,2,65
559,9,15,81,2,56
560,8,16,94,2,66
561,9,17,57,2,57
562,8,15,109,3,79
563,10,18,107,2,74
564,10,18,109,2,69
565,8,16,107,3,81
566,9,16,89,2,62
567,8,14,83,1,53
568,9,15,96,1,55
569,8,17,104,2,75
570,8,14,117,3,78
571,9,17,91,1,59
572,8,15,87,2,66
573,9,15,91,2,59
574,9,17,78,2,57
575,9,13,91,2,53
576,10,17,104,3,76
577,9,17,75,3,73
578,10,16,121,2,67
579,10,17,95,2,63
580,9,17,79,2,64
581,10,18,88,1,51
582,8,15,84,1,53
583,10,15,71,2,53
584,9,17,92,0,47
585,8,15,99,2,65
586,9,16,97,2,61
587,8,16,72,2,57
588,9,17,94,2,71
589,10,16,94,2,59
590,8,16,80,2,58
591,10,17,121,2,78
592,8,15,90,2,61
593,10,17,79,3,69
594,9,17,104,2,72
595,8,14,50,1,41
596,8,15,111,2,71
597,9,17,67,1,51
598,8,14,69,2,53
599,10,16,101,3,71
600,9,18,110,2,70
601,8,16,86,3,74
602,10,20,97,2,74
603,9,16,72,1,49
604,8,16,76,2,65
605,9,16,91,3,75
606,9,17,71,2,57
607,8,15,96,1,57
608,10,17,55,2,45
609,8,16,93,3,75
610,8,15,102,2,65
611,9,16,94,1,55
612,9,16,83,3,69
613,8,16,97,2,68
614,9,17,74,1,48
615,10,16,91,3,73
616,9,16,59,2,50
617,9,15,73,2,59
618,10,17,70,3,69
619,9,17,145,1,70
620,10,17,88,2,66
621,8,16,86,3,71
622,10,17,73,2,61
623,10,19,62,1,53
624,9,18,84,3,77
625,9,16,90,2,67
626,9,16,80,2,56
627,8,14,103,2,59
628,8,17,62,2,59
629,8,14,75,1,44
630,9,16,59,2,51
631,9,16,122,2,69
632,9,17,103,2,68
633,8,15,80,1,52
634,9,16,92,2,64
635,8,15,91,3,70
636,9,17,61,1,44
637,10,17,109,2,69
638,9,16,78,2,56
639,8,15,55,1,42
640,8,15,79,3,75
641,9,16,80,2,58
642,9,14,107,3,69
643,10,17,63,1,46
644,10,18,63,3,68
645,9,16,80,1,50
646,9,16,65,1,40
647,10,17,128,2,76
648,8,14,70,2,50
649,8,14,49,2,45
650,8,16,108,1,66
651,10,17,117,3,80
652,9,15,86,3,66
653,10,20,101,1,68
654,8,15,98,1,59
655,8,15,84,2,58
656,9,16,77,1,49
657,9,15,44,3,54
658,10,18,92,2,73
659,10,19,81,1,57
660,10,19,96,2,73
661,10,18,89,3,71
662,8,18,59,2,60
663,9,16,103,2,68
664,10,16,89,4,77
665,9,16,82,2,57
666,9,18,112,2,77
667,10,17,67,2,54
668,8,17,113,1,66
669,8,15,146,2,82
670,9,16,79,2,59
671,10,17,117,2,75
672,9,17,103,3,82
673,8,15,61,2,55
674,8,15,83,2,62
675,10,17,80,2,57
676,9,16,78,2,57
677,8,14,123,2,70
678,9,17,120,2,75
679,8,13,76,2,53
680,8,14,79,1,49
681,9,17,108,1,66
682,9,16,73,2,63
683,8,14,111,1,60
684,9,17,68,2,63
685,9,16,87,2,59
686,10,18,115,2,77
687,9,17,107,3,79
688,9,16,89,1,48
689,10,18,114,2,73
690,9,16,83,3,70
691,9,17,82,2,65
692,9,15,103,2,64
693,9,17,87,2,62
694,9,19,65,2,60
695,10,16,88,2,64
696,10,16,108,1,60
697,10,17,81,1,45
698,10,17,78,2,64
699,8,15,88,2,66
700,10,19,64,2,57
701,9,15,60,3,60
702,10,18,63,3,65
703,9,17,102,2,66
704,10,18,114,2,78
705,8,16,102,1,62
706,10,16,85,3,70
707,8,16,67,4,76
708,10,16,96,2,61
709,10,18,89,2,72
710,10,16,115,2,70
711,9,17,64,2,59
712,8,15,72,2,61
713,9,15,72,2,54
714,8,15,75,2,62
715,8,14,93,1,53
716,8,16,53,2,49
717,10,16,84,2,63
718,10,18,124,2,80
719,8,14,110,2,66
720,8,15,100,3,76
721,8,15,69,2,58
722,9,16,89,1,55
723,9,16,54,2,54
724,10,18,66,3,66
725,8,14,95,2,63
726,9,16,104,3,78
727,8,17,100,1,60
728,10,17,88,1,56
729,9,18,72,2,63
730,10,17,86,2,64
731,9,15,109,2,71
732,10,20,87,1,59
733,9,15,99,3,68
734,10,18,85,1,53
735,8,16,93,2,71
736,10,18,96,2,65
737,9,17,90,3,72
738,10,17,76,2,64
739,8,15,90,2,61
740,10,18,75,2,59
741,8,13,82,2,58
742,8,17,57,2,60
743,8,14,96,1,49
744,10,15,90,1,50
745,10,17,116,2,76
746,10,18,71,2,55
747,10,17,107,2,65
748,10,18,113,2,71
749,8,15,137,1,67
750,9,17,121,2,75
751,8,15,78,2,62
752,9,18,68,1,51
753,9,15,89,2,62
754,9,17,94,2,63
755,10,18,87,2,59
756,9,17,114,1,68
757,8,14,117,2,69
758,9,16,65,2,55
759,9,16,98,4,84
760,9,15,30,2,39
761,8,14,95,1,52
762,10,17,75,1,49
763,9,15,96,3,69
764,8,18,76,1,57
765,8,16,55,2,53
766,8,17,87,3,73
767,10,19,98,2,74
768,10,19,103,1,63
769,10,18,96,1,56
770,8,15,79,2,64
771,8,13,124,2,74
772,10,17,61,1,47
773,8,14,116,2,71
774,8,13,62,1,38
775,10,19,116,1,69
776,10,16,93,2,58
777,9,17,92,2,71
778,10,15,64,3,64
779,9,17,79,2,63
780,10,18,110,2,72
781,9,16,93,1,55
782,8,16,85,2,66
783,8,15,89,3,75
784,9,16,94,2,62
785,10,17,98,1,58
786,9,17,76,3,72
787,9,17,73,2,55
788,8,17,72,1,50
789,8,17,51,1,48
790,10,17,68,2,60
791,10,17,126,2,74
792,10,17,98,3,73
793,10,16,104,2,69
794,10,16,107,3,74
795,10,17,63,2,49
796,9,15,64,2,49
797,9,17,92,2,68
798,9,15,110,2,68
799,9,16,97,3,81
800,9,16,79,2,63
801,10,18,113,2,80
802,9,16,94,4,82
803,10,17,87,2,63
804,8,15,81,2,60
805,10,16,51,2,51
806,9,15,69,2,54
807,10,18,93,2,71
808,9,17,93,1,57
809,9,16,97,3,72
810,9,17,53,2,56
811,8,17,75,1,51
812,10,17,94,1,60
813,10,16,111,2,65
814,9,17,112,3,81
815,10,16,60,2,51
816,9,16,40,2,43
817,9,15,78,2,52
818,9,17,128,1,71
819,9,15,111,3,83
820,8,16,83,2,64
821,10,18,74,2,64
822,8,15,106,2,68
823,8,16,87,3,72
824,8,15,71,3,65
825,9,15,107,2,68
826,8,16,81,3,72
827,10,16,92,2,59
828,9,17,76,2,61
829,9,16,93,2,60
830,10,19,66,2,64
831,9,19,105,2,74
832,10,16,83,2,57
833,10,18,92,1,54
834,8,17,83,2,61
835,10,17,70,1,46
836,10,17,89,2,65
837,10,18,70,3,64
838,8,15,94,1,58
839,9,16,73,3,71
840,8,15,81,1,52
841,8,14,74,2,53
842,9,16,87,2,59
843,8,17,75,2,64
844,8,12,99,2,59
845,8,16,96,2,71
846,8,14,67,1,46
847,8,15,80,2,59
848,9,16,98,2,64
849,8,17,93,2,66
850,8,14,114,1,58
851,10,18,99,1,59
852,10,19,88,2,66
853,10,18,138,1,77
854,10,18,101,2,65
855,8,14,79,2,60
856,10,16,108,2,70
857,9,17,81,2,61
858,10,16,72,2,57
859,9,17,89,2,67
860,10,16,85,2,55
861,9,15,98,2,66
862,9,15,106,3,75
863,10,17,94,2,62
864,8,13,104,1,48
865,9,16,82,2,62
866,9,15,119,2,75
867,10,18,72,2,60
868,10,15,53,1,34
869,9,19,78,2,71
870,9,17,96,2,67
871,10,18,87,2,64
872,9,17,76,3,70
873,10,18,103,2,73
874,8,15,82,2,62
875,8,15,86,2,58
876,9,19,73,2,62
877,10,16,115,2,77
878,10,21,57,2,60
879,10,20,110,3,85
880,10,17,108,1,63
881,9,16,39,2,47
882,9,15,68,2,55
883,9,18,83,1,50
884,9,16,137,3,93
885,10,18,75,3,65
886,9,14,70,2,48
887,9,16,91,2,63
888,8,17,85,1,61
889,9,17,82,2,60
890,8,13,66,2,54
891,9,14,90,2,64
892,8,17,95,2,66
893,9,18,86,2,63
894,10,17,82,3,68
895,10,16,82,2,57
896,9,16,114,3,83
897,8,16,92,2,67
898,10,18,98,2,72
899,9,16,101,2,64
900,10,16,93,3,75
901,9,18,87,2,71
902,10,19,108,1,68
903,9,14,96,2,57
904,10,16,53,1,41
905,10,18,108,2,72
906,10,16,103,2,65
907,9,15,60,3,58
908,9,16,71,3,63
909,10,15,66,2,49
910,10,16,97,1,53
911,10,17,110,2,71
912,10,20,87,1,54
913,10,17,61,2,49
914,8,15,77,2,60
915,10,19,93,2,72
916,9,15,47,2,44
917,9,16,97,1,52
918,10,18,115,2,70
919,9,15,108,2,64
920,9,15,86,1,52
921,8,15,114,2,72
922,10,17,64,3,60
923,9,13,85,2,51
924,9,16,64,2,58
925,8,14,91,2,59
926,10,17,94,2,64
927,8,15,126,0,55
928,8,16,55,2,57
929,10,16,106,2,65
930,9,16,100,2,72
931,8,13,82,2,54
932,8,16,89,0,45
933,10,16,90,2,59
934,9,16,76,2,63
935,10,19,87,1,62
936,10,15,91,2,59
937,10,19,108,2,76
938,9,14,89,2,61
939,8,16,76,2,57
940,10,17,76,2,57
941,9,15,102,2,63
942,10,18,76,2,57
943,8,15,90,1,55
944,9,13,85,1,44
945,10,14,84,2,56
946,8,15,118,1,66
947,8,16,71,2,65
948,8,14,73,2,56
949,10,17,90,2,60
950,10,17,99,2,69
951,8,18,115,2,82
952,9,16,112,3,78
953,8,15,99,1,62
954,10,19,120,2,81
955,9,16,109,1,58
956,10,17,91,2,59
957,10,15,80,3,62
958,10,17,102,2,69
959,9,15,116,0,52
960,10,16,126,2,74
961,9,16,137,1,73
962,9,14,65,1,39
963,10,18,68,1,45
964,10,18,88,2,64
965,8,14,58,2,49
966,8,14,50,0,32
967,10,15,71,3,61
968,9,18,79,3,71
969,10,19,61,0,41
970,9,15,53,1,38
971,9,15,80,3,67
972,9,15,88,2,58
973,10,16,87,1,46
974,10,16,115,1,62
975,9,17,89,3,79
976,9,17,64,1,48
977,9,17,60,2,55
978,10,17,71,2,58
979,9,17,82,2,63
980,10,17,58,2,52
981,10,16,95,1,54
982,10,17,123,3,89
983,9,16,87,2,60
984,9,16,78,1,53
985,8,15,130,2,82
986,8,12,98,0,43
987,8,16,98,2,69
988,9,13,72,1,35
989,8,15,82,2,63
990,9,16,77,2,53
991,9,17,72,1,54
992,10,18,93,2,71
993,8,16,51,3,68
994,10,16,80,3,63
995,10,18,142,2,80
996,10,16,96,2,66
997,9,16,108,1,60
998,9,16,98,2,62
999,8,16,97,2,70
1000,9,17,101,1,59
1001,8,14,93,2,65
1002,8,16,57,2,53
1003,10,18,52,1,46
1004,8,16,66,3,70
1005,8,17,96,1,63
1006,9,17,120,2,82
1007,8,14,81,3,65
1008,10,17,85,1,51
1009,8,15,122,2,77
1010,10,17,49,2,51
1011,9,16,83,3,76
1012,10,17,83,2,63
1013,8,16,86,2,60
1014,9,16,91,1,58
1015,8,15,87,3,72
1016,9,17,81,2,60
1017,9,15,109,2,66
1018,9,15,114,2,71
1019,8,16,80,2,57
1020,9,17,48,2,46
1021,9,14,79,2,54
1022,9,14,93,1,54
1023,10,16,110,2,70
1024,10,18,76,3,69
1025,10,17,98,2,62
1026,9,17,59,1,49
1027,10,18,80,2,63
1028,10,18,64,2,55
1029,10,18,81,3,75
1030,10,17,117,2,73
1031,9,17,74,2,61
1032,8,17,115,2,73
1033,8,16,56,2,51
1034,9,16,105,2,70
1035,9,17,86,2,68
1036,9,15,98,2,63
1037,10,15,70,2,48
1038,8,15,78,1,54
1039,8,15,88,0,47
1040,10,16,61,1,42
1041,8,14,80,1,51
1042,8,13,81,2,60
1043,9,15,79,3,67
1044,9,16,90,1,58
1045,10,16,94,1,56
1046,10,17,93,0,47
1047,8,17,88,1,62
1048,8,15,78,2,54
1049,8,16,122,1,73
1050,8,16,93,3,77
1051,9,17,75,1,50
1052,8,15,116,2,71
1053,10,17,83,2,62
1054,10,18,90,2,68
1055,9,18,102,1,61
1056,9,19,72,3,71
1057,9,17,106,2,66
1058,8,15,87,2,57
1059,8,16,83,0,45
1060,9,15,76,1,50
1061,9,16,80,2,55
1062,9,17,82,1,56
1063,10,19,92,2,69
1064,8,15,63,1,47
1065,9,18,99,2,66
1066,9,16,93,2,63
1067,10,17,74,0,30
1068,9,16,83,2,55
1069,8,17,77,3,69
1070,9,15,80,2,60
1071,9,18,93,2,70
1072,9,18,62,1,47
1073,9,17,77,2,63
1074,10,17,85,0,47
1075,9,17,85,2,63
1076,9,15,64,2,52
1077,10,19,130,1,74
1078,10,19,72,2,66
1079,10,20,101,1,67
1080,10,17,105,2,69
1081,10,18,75,3,72
1082,10,17,72,2,54
1083,9,19,92,2,74
1084,8,17,64,1,47
1085,10,17,79,2,63
1086,8,14,72,2,53
1087,9,17,113,1,68
1088,9,15,75,3,67
1089,10,16,73,3,68
1090,10,17,97,2,62
1091,8,17,122,1,70
1092,10,17,90,1,55
1093,9,15,110,2,70
1094,8,16,82,2,65
1095,9,16,82,2,63
1096,9,17,67,2,59
1097,8,15,84,2,63
1098,8,15,80,3,69
1099,8,13,66,1,44
1100,10,17,106,2,74
1101,8,17,83,3,76
1102,9,15,93,1,55
1103,10,16,87,1,53
1104,10,17,91,3,70
1105,9,17,108,2,77
1106,8,15,91,2,63
1107,9,16,92,3,71
1108,8,14,105,3,78
1109,8,17,71,2,61
1110,9,16,108,2,69
1111,8,16,106,2,76
1112,8,16,78,2,57
1113,8,14,93,2,61
1114,9,16,66,2,55
1115,8,16,121,3,82
1116,8,15,97,2,67
1117,10,18,114,0,56
1118,8,14,86,3,67
1119,9,17,74,1,48
1120,9,18,82,2,63
1121,9,15,87,2,63
1122,9,16,92,2,67
1123,8,15,68,1,50
1124,8,17,69,1,53
1125,10,19,86,1,58
1126,8,15,90,3,69
1127,8,15,90,1,57
1128,9,16,82,3,71
1129,10,16,85,3,64
1130,8,16,95,2,73
1131,10,15,83,2,55
1132,10,17,124,1,67
1133,8,15,82,2,56
1134,9,18,78,3,72
1135,8,15,56,2,47
1136,8,15,74,2,62
1137,9,16,112,1,57
1138,8,15,70,1,51
1139,8,16,104,1,60
1140,8,16,70,2,55
1141,10,16,111,2,64
1142,8,16,91,1,51
1143,9,17,72,2,62
1144,9,15,82,1,49
1145,10,17,100,2,65
1146,8,14,60,2,52
1147,10,14,65,3,55
1148,10,17,90,2,68
1149,8,16,92,2,62
1150,10,18,96,3,81
1151,8,17,101,2,77
1152,10,17,79,2,62
1153,8,15,80,2,61
1154,9,19,92,1,56
1155,10,15,97,1,48
1156,10,17,93,2,63
1157,8,15,87,2,66
1158,8,16,78,1,48
1159,10,15,100,2,65
1160,8,17,79,3,70
1161,9,17,64,1,48
1162,10,16,91,1,50
1163,9,16,76,2,58
1164,9,19,95,1,64
1165,9,14,86,2,55
1166,8,15,69,3,67
1167,8,15,100,3,77
1168,10,17,74,1,51
1169,10,17,51,2,55
1170,9,17,71,2,55
1171,10,16,77,2,59
1172,10,17,80,2,63
1173,10,18,100,2,72
1174,8,15,106,3,80
1175,10,19,67,2,62
1176,9,16,68,1,44
1177,10,16,119,2,71
1178,8,15,101,1,58
1179,9,17,92,2,64
1180,8,16,94,2,67
1181,9,15,93,3,71
1182,8,16,106,3,78
1183,9,16,88,2,63
1184,8,16,79,2,62
1185,8,16,112,3,79
1186,10,17,88,1,56
1187,9,17,73,2,61
1188,10,17,114,1,58
1189,9,16,99,3,77
1190,8,15,67,3,63
1191,9,18,86,2,65
1192,10,18,110,1,63
1193,10,17,51,1,43
1194,8,15,83,2,67
1195,8,15,64,1,49
1196,9,17,111,2,78
1197,10,18,79,2,63
1198,8,14,79,2,62
1199,8,16,99,2,71
1200,10,15,90,2,62
1201,9,14,98,2,63
1202,10,19,68,2,61
1203,10,18,73,2,57
1204,8,14,53,3,57
1205,8,17,92,2,65
1206,10,17,104,2,62
1207,8,14,70,1,45
1208,8,14,77,3,63
1209,9,15,62,3,59
1210,8,17,80,2,70
1211,9,16,85,2,66
1212,10,18,74,3,71
1213,9,17,96,2,72
1214,10,15,69,2,52
1215,8,16,78,2,65
1216,10,17,71,1,50
1217,9,16,78,1,50
1218,9,16,92,1,53
1219,9,18,71,2,64
1220,8,17,91,2,65
1221,9,16,124,1,66
1222,10,15,64,1,41
1223,10,16,79,2,51
1224,9,16,79,2,65
1225,8,17,91,2,64
1226,10,17,101,1,58
1227,10,17,57,3,58
1228,8,14,115,2,70
1229,9,17,73,3,68
1230,9,15,92,1,53
1231,9,16,106,1,60
1232,9,15,103,3,75
1233,10,17,72,2,59
1234,9,16,91,1,55
1235,10,20,49,2,61
1236,9,16,70,2,54
1237,9,16,74,2,59
1238,8,18,85,0,50
1239,8,14,79,1,46
1240,8,15,101,2,67
1241,8,16,116,2,74
1242,10,17,87,2,59
1243,10,15,107,2,65
1244,10,17,88,2,60
1245,10,16,77,1,50
1246,8,13,79,3,66
1247,8,15,100,3,79
1248,10,17,54,2,54
1249,9,15,97,1,51
1250,8,16,111,2,74
1251,9,17,92,2,61
1252,10,17,112,1,65
1253,9,17,102,3,76
1254,8,15,47,1,35
1255,8,16,104,1,65
1256,8,15,53,2,49
1257,8,15,62,2,48
1258,10,16,86,1,51
1259,9,18,96,2,70
1260,9,16,65,2,54
1261,9,18,61,1,48
1262,10,17,95,2,69
1263,8,15,115,3,79
1264,8,17,80,2,61
1265,8,15,87,2,59
1266,10,19,107,2,73
1267,8,14,92,2,63
1268,8,17,71,2,61
1269,8,16,109,2,75
1270,9,18,132,1,74
1271,8,15,92,3,71
1272,8,14,110,2,64
1273,9,14,78,3,70
1274,9,15,89,2,65
1275,10,17,56,2,47
1276,10,18,73,3,65
1277,10,16,89,2,57
1278,9,17,70,2,63
1279,9,15,88,3,74
1280,10,17,88,2,60
1281,10,18,74,2,59
1282,8,16,99,2,63
1283,8,16,93,3,73
1284,10,17,86,2,60
1285,8,14,79,2,59
1286,8,15,118,2,77
1287,9,16,81,2,65
1288,8,15,81,3,67
1289,8,15,100,2,63
1290,8,14,40,2,47
1291,9,14,80,3,62
1292,9,13,103,2,57
1293,9,15,85,2,62
1294,10,17,91,2,61
1295,9,15,83,2,57
1296,8,15,64,2,51
1297,9,17,67,3,69
1298,9,15,95,2,65
1299,10,17,98,2,69
1300,10,16,99,2,61
1301,9,16,89,2,63
1302,9,16,56,2,55
1303,10,17,98,2,66
1304,9,18,97,1,60
1305,8,15,82,1,51
1306,9,17,60,3,63
1307,8,14,86,2,64
1308,8,16,98,1,57
1309,9,16,100,2,69
1310,8,15,111,1,58
1311,10,17,75,2,58
1312,10,17,112,1,64
1313,10,17,96,1,58
1314,10,15,88,2,59
1315,10,19,79,2,63
1316,10,18,101,1,60
1317,10,17,93,2,63
1318,10,18,120,3,90
1319,10,17,61,1,46
1320,9,16,69,2,52
1321,9,17,80,2,62
1322,9,16,95,2,63
1323,10,17,92,0,40
1324,8,14,107,1,58
1325,9,17,77,2,67
1326,8,16,104,1,61
1327,8,14,84,2,60
1328,8,14,80,1,52
1329,10,16,50,3,61
1330,9,15,82,2,61
1331,9,16,76,2,62
1332,10,16,86,3,68
1333,9,16,49,2,51
1334,10,16,76,1,50
1335,10,18,114,2,79
1336,9,16,101,2,66
1337,8,16,92,3,71
1338,10,17,77,3,63
1339,9,15,68,3,59
1340,8,14,101,2,64
1341,8,15,68,2,56
1342,8,15,95,2,66
1343,10,16,55,2,50
1344,10,17,75,2,60
1345,9,14,103,1,58
1346,9,16,72,2,58
1347,10,16,78,2,61
1348,10,17,117,3,82
1349,9,16,87,1,56
1350,9,18,95,2,64
1351,8,16,84,3,74
1352,9,17,81,3,70
1353,10,16,100,1,58
1354,10,15,80,2,54
1355,9,16,104,3,78
1356,10,17,84,2,57
1357,10,16,83,2,61
1358,8,14,96,1,55
1359,9,17,84,2,60
1360,8,14,60,3,56
1361,8,14,53,2,48
1362,8,15,74,2,52
1363,9,16,101,1,59
1364,9,15,79,2,55
1365,8,15,60,2,56
1366,10,16,86,1,45
1367,8,14,104,2,65
1368,8,14,66,1,40
1369,8,16,107,2,67
1370,8,16,80,1,55
1371,9,17,111,2,72
1372,8,16,40,3,54
1373,8,15,101,1,61
1374,9,15,92,2,62
1375,10,18,63,2,56
1376,9,18,96,3,83
1377,8,14,72,1,46
1378,9,16,101,2,70
1379,10,16,97,2,66
1380,9,17,78,1,55
1381,8,15,70,2,57
1382,8,15,78,2,62
1383,9,18,93,2,68
1384,8,17,72,3,67
1385,9,15,131,2,79
1386,10,16,83,2,55
1387,10,17,61,2,54
1388,8,16,68,1,47
1389,8,17,102,3,84
1390,10,17,90,2,68
1391,8,14,93,2,56
1392,9,15,94,3,70
1393,8,15,78,3,63
1394,9,15,124,2,70
1395,10,16,84,3,64
1396,8,15,53,3,56
1397,8,15,91,1,52
1398,10,18,109,3,80
1399,8,15,83,3,68
1400,9,17,56,1,44
1401,10,17,98,3,82
1402,8,14,114,2,71
1403,10,19,96,2,72
1404,10,18,91,3,78
1405,8,17,111,2,70
1406,9,17,98,3,77
1407,10,15,93,1,52
1408,8,17,88,2,62
1409,8,15,73,1,44
1410,9,15,85,2,55
1411,10,17,92,2,61
1412,10,16,68,1,46
1413,9,18,57,2,52
1414,9,17,83,2,64
1415,8,14,142,1,72
1416,8,15,101,1,58
1417,10,16,65,3,58
1418,10,18,65,2,58
1419,9,15,63,2,51
1420,10,16,57,1,40
1421,8,17,85,1,59
1422,8,14,82,2,57
1423,8,15,72,1,43
1424,9,14,98,2,64
1425,9,16,91,3,72
1426,9,15,87,2,59
1427,8,17,81,2,62
1428,8,15,103,1,58
1429,8,15,99,2,65
1430,9,16,71,2,59
1431,10,16,99,2,63
1432,8,16,106,2,76
1433,9,16,92,3,73
1434,8,15,104,3,82
1435,8,13,80,2,55
1436,8,16,100,2,68
1437,9,15,94,2,59
1438,9,16,96,2,66
1439,8,16,114,3,84
1440,8,14,102,1,60
1441,8,14,83,1,47
1442,8,16,138,3,88
1443,10,18,91,2,68
1444,9,16,89,3,75
1445,9,15,87,1,49
1446,9,17,69,2,54
1447,8,15,100,1,54
1448,8,16,57,1,47
1449,10,19,82,2,64
1450,8,16,48,4,69
1451,9,15,96,2,62
1452,9,17,91,2,68
1453,9,19,73,2,68
1454,10,19,106,2,78
1455,9,17,80,1,52
1456,9,15,114,2,74
1457,10,16,125,2,71
1458,10,16,90,1,53
1459,8,15,94,2,63
1460,9,18,87,3,76
1461,9,14,74,1,45
1462,9,14,96,2,62
1463,8,15,72,1,49
1464,8,15,88,2,62
1465,10,17,83,3,65
1466,8,14,52,2,42
1467,8,13,130,2,75
1468,10,17,92,3,73
1469,9,14,91,2,56
1470,10,16,106,2,68
1471,8,16,90,2,63
1472,8,14,94,2,60
1473,8,14,84,2,59
1474,8,15,82,1,48
1475,10,16,74,3,71
1476,8,14,110,2,67
1477,8,15,97,1,54
1478,8,16,89,3,77
1479,10,15,99,2,58
1480,8,16,87,3,74
1481,9,13,82,2,57
1482,8,15,93,2,65
1483,8,16,118,2,78
1484,8,16,104,3,84
1485,10,19,41,2,54
1486,10,18,96,2,70
1487,9,17,89,2,65
1488,8,16,101,1,64
1489,8,16,96,1,63
1490,8,16,89,2,65
1491,10,17,50,1,39
1492,10,16,77,2,52
1493,8,16,86,2,61
1494,8,14,101,1,60
1495,8,16,77,0,41
1496,9,18,70,2,63
1497,10,16,111,1,55
1498,10,18,118,1,69
1499,10,20,84,3,79
1500,8,14,92,1,55
1501,8,16,85,2,66
1502,10,18,78,2,62
1503,10,17,60,2,56
1504,9,15,61,2,45
1505,10,16,105,2,71
1506,8,16,97,1,60
1507,10,16,94,2,61
1508,8,14,73,1,46
1509,9,14,82,2,58
1510,10,17,90,1,55
1511,9,17,92,2,64
1512,8,15,134,3,85
1513,9,17,97,3,79
1514,8,14,102,1,58
1515,9,17,90,1,58
1516,9,17,79,1,55
1517,9,16,107,2,65
1518,10,18,82,1,55
1519,8,16,82,3,70
1520,10,15,86,3,63
1521,9,17,82,3,72
1522,10,18,63,2,52
1523,10,16,104,2,66
1524,10,18,101,3,77
1525,8,14,96,3,69
1526,8,15,96,2,71
1527,9,17,83,3,70
1528,8,15,73,2,60
1529,8,18,87,2,66
1530,10,17,73,2,57
1531,9,16,90,2,63
1532,10,17,112,2,77
1533,10,20,66,3,73
1534,8,15,87,2,65
1535,8,13,63,3,62
1536,10,17,113,1,66
1537,10,16,82,2,54
1538,10,17,105,1,57
1539,8,12,97,2,54
1540,9,15,84,0,43
1541,8,14,93,2,58
1542,10,17,99,2,62
1543,8,14,104,1,61
1544,9,16,73,2,60
1545,10,18,67,2,56
1546,8,13,114,2,68
1547,10,18,102,2,67
1548,9,17,67,2,61
1549,9,15,119,0,50
1550,8,15,84,2,62
1551,9,16,67,3,67
1552,9,16,110,2,74
1553,9,16,99,3,80
1554,8,17,89,2,69
1555,10,18,120,2,72
1556,8,15,91,1,53
1557,9,17,83,1,57
1558,9,18,116,2,80
1559,10,16,90,2,62
1560,9,17,87,4,83
1561,8,15,104,2,68
1562,8,16,102,1,58
1563,10,18,130,2,80
1564,8,16,53,1,41
1565,9,17,101,1,64
1566,8,17,115,1,65
1567,8,15,92,2,60
1568,9,17,106,3,82
1569,8,17,69,1,56
1570,8,15,105,3,83
1571,8,17,69,1,47
1572,9,13,78,2,53
1573,8,15,122,2,76
1574,8,14,54,2,52
1575,9,18,83,1,58
1576,9,16,72,2,62
1577,8,13,73,1,43
1578,9,15,66,1,47
1579,9,18,106,1,65
1580,8,15,57,1,42
1581,8,15,78,1,49
1582,9,16,113,2,75
1583,9,16,109,2,69
1584,8,17,99,2,69
1585,10,17,85,2,61
1586,9,17,93,2,63
1587,8,16,63,2,52
1588,8,14,106,2,63
1589,9,16,82,2,58
1590,10,17,86,2,62
1591,9,18,133,3,90
1592,8,17,106,1,65
1593,10,19,98,3,79
1594,8,15,97,2,66
1595,8,16,83,2,65
1596,10,16,110,2,69
1597,9,17,87,3,70
1598,9,16,77,3,67
1599,8,16,101,1,59
1600,10,19,83,1,60
1601,8,16,61,2,51
1602,8,15,86,1,55
1603,10,18,92,2,69
1604,8,15,79,2,55
1605,10,16,85,2,55
1606,10,19,68,2,61
1607,8,15,60,2,58
1608,10,18,103,2,72
1609,8,14,37,2,45
1610,8,16,83,3,74
1611,9,15,81,1,50
1612,9,16,123,2,78
1613,9,17,120,3,86
1614,8,16,103,1,58
1615,9,15,82,3,70
1616,9,19,87,2,73
1617,10,18,81,2,58
1618,10,17,57,1,45
1619,9,16,43,1,36
1620,8,14,102,2,61
1621,8,16,91,2,62
1622,8,16,78,1,56
1623,8,16,85,1,56
1624,10,18,70,3,66
1625,8,16,85,2,66
1626,8,12,70,2,54
1627,10,21,86,3,78
1628,9,19,126,2,86
1629,8,13,121,3,79
1630,10,15,96,2,58
1631,8,15,89,3,76
1632,9,14,78,3,64
1633,8,15,94,2,65
1634,8,13,83,2,53
1635,8,14,78,3,65
1636,8,14,127,1,67
1637,9,16,74,2,54
1638,8,15,55,2,56
1639,10,16,110,2,68
1640,10,16,89,3,69
1641,9,15,98,2,69
1642,10,18,64,1,50
1643,10,17,76,2,56
1644,9,18,91,1,60
1645,9,16,94,2,60
1646,10,17,80,2,58
1647,10,17,98,3,73
1648,10,18,84,4,85
1649,8,16,90,1,56
1650,10,18,76,2,56
1651,9,16,89,3,68
1652,10,17,88,2,58
1653,9,16,80,3,69
1654,9,17,67,2,61
1655,8,14,101,2,63
1656,8,16,101,1,58
1657,10,19,70,2,56
1658,8,16,69,1,49
1659,9,17,78,2,58
1660,8,16,79,3,70
1661,10,17,106,2,65
1662,9,17,89,1,58
1663,10,17,117,2,71
1664,8,13,103,2,61
1665,10,19,112,3,87
1666,10,17,53,1,45
1667,10,18,77,1,55
1668,9,19,71,2,63
1669,10,16,88,2,62
1670,8,15,118,3,86
1671,10,18,72,1,52
1672,10,15,95,2,66
1673,10,18,98,2,67
1674,9,16,87,3,73
1675,8,16,74,2,63
1676,10,17,77,3,68
1677,10,16,75,3,60
1678,9,17,101,2,68
1679,9,14,103,2,65
1680,8,16,85,2,63
1681,10,18,104,2,74
1682,9,16,102,2,64
1683,9,14,68,1,35
1684,9,15,87,3,67
1685,8,13,60,2,45
1686,8,16,118,2,76
1687,8,15,77,2,62
1688,10,16,84,1,50
1689,9,17,86,2,64
1690,9,18,84,1,60
1691,10,18,95,1,59
1692,8,13,95,3,69
1693,8,12,117,2,64
1694,10,18,81,1,50
1695,10,18,70,2,53
1696,8,17,85,3,75
1697,9,16,91,1,52
1698,8,15,78,1,50
1699,10,17,93,3,71
1700,8,14,111,1,62
1701,9,18,100,2,76
1702,10,17,97,3,72
1703,10,17,93,1,58
1704,10,16,97,1,48
1705,8,15,69,3,70
1706,9,18,93,2,66
1707,10,19,84,2,70
1708,10,18,92,1,58
1709,9,16,101,0,49
1710,9,15,115,2,66
1711,9,17,97,2,68
1712,8,15,127,2,73
1713,9,17,101,2,74
1714,8,15,71,2,54
1715,10,17,91,2,62
1716,8,16,119,2,79
1717,10,17,95,1,49
1718,10,17,102,2,72
1719,8,15,78,1,52
1720,10,20,80,2,67
1721,9,16,95,2,60
1722,8,15,84,2,67
1723,10,18,93,2,70
1724,9,15,108,3,75
1725,8,15,63,1,49
1726,10,18,105,1,64
1727,8,17,127,1,73
1728,9,15,64,1,44
1729,10,18,70,2,57
1730,9,17,77,1,49
1731,9,16,101,2,64
1732,9,15,94,2,62
1733,10,16,97,1,55
1734,8,14,74,2,56
1735,8,16,86,2,68
1736,10,18,104,2,70
1737,9,16,93,2,67
1738,8,15,63,1,39
1739,8,16,116,2,75
1740,10,19,83,1,56
1741,8,15,70,2,61
1742,10,17,91,3,77
1743,9,16,77,2,62
1744,9,16,110,2,69
1745,9,16,118,1,67
1746,8,17,108,2,73
1747,9,16,58,1,45
1748,8,13,74,2,55
1749,10,18,86,3,74
1750,9,16,63,2,51
1751,10,17,85,2,58
1752,10,18,103,2,72
1753,9,15,87,3,71
1754,8,17,88,1,62
1755,9,17,93,2,62
1756,10,18,116,2,80
1757,10,18,87,2,60
1758,8,14,91,1,54
1759,9,16,70,4,73
1760,9,16,100,3,74
1761,10,18,110,2,76
1762,9,15,90,2,61
1763,10,16,120,1,63
1764,10,16,104,2,62
1765,9,16,84,2,64
1766,8,14,79,2,59
1767,9,16,108,2,67
1768,9,17,73,3,68
1769,8,17,108,2,71
1770,9,16,102,3,77
1771,10,18,67,3,66
1772,9,15,87,1,55
1773,10,17,74,1,50
1774,9,17,83,2,60
1775,9,16,105,2,70
1776,8,17,82,1,57
1777,9,14,69,1,40
1778,10,17,89,3,75
1779,10,16,99,1,57
1780,9,15,105,2,62
1781,10,16,89,2,61
1782,9,17,95,2,63
1783,10,17,87,2,59
1784,9,15,78,2,57
1785,10,15,54,2,47
1786,9,18,99,2,67
1787,9,17,79,2,61
1788,10,18,107,2,71
1789,10,16,99,1,55
1790,9,16,95,3,71
1791,8,13,106,3,73
1792,8,13,90,2,57
1793,8,17,81,1,55
1794,8,15,87,2,65
1795,8,16,70,2,56
1796,8,15,75,1,51
1797,8,13,63,1,43
1798,10,18,62,2,57
1799,8,15,71,2,55
1800,9,16,111,2,72
1801,10,17,113,2,74
1802,10,15,83,3,62
1803,10,16,104,2,71
1804,10,15,89,1,51
1805,8,13,107,1,56
1806,9,14,101,1,48
1807,8,14,103,2,69
1808,8,15,85,3,69
1809,10,20,79,2,73
1810,8,16,95,2,65
1811,9,15,66,3,64
1812,8,17,83,2,61
1813,10,18,63,2,53
1814,8,15,99,2,62
1815,9,15,105,2,70
1816,10,16,99,3,75
1817,8,15,81,2,58
1818,8,15,105,1,60
1819,10,18,61,2,54
1820,9,18,88,1,57
1821,10,17,91,3,69
1822,10,17,52,2,50
1823,10,16,118,2,72
1824,10,16,87,2,60
1825,10,17,110,2,75
1826,10,17,80,2,60
1827,10,18,103,3,81
1828,10,17,110,3,81
1829,8,16,97,3,80
1830,8,14,113,2,72
1831,9,18,69,4,78
1832,8,15,89,3,71
1833,8,18,106,3,86
1834,10,15,84,3,64
1835,10,15,102,3,71
1836,8,13,62,2,47
1837,10,17,79,3,65
1838,8,16,102,1,60
1839,9,17,100,1,54
1840,9,17,71,2,55
1841,9,15,101,2,66
1842,10,18,88,2,71
1843,10,16,94,2,61
1844,10,16,94,3,69
1845,9,18,73,1,53
1846,10,18,72,2,64
1847,9,20,82,2,69
1848,8,20,98,2,80
1849,8,17,67,2,58
1850,9,16,73,1,42
1851,9,14,70,2,48
1852,10,17,78,2,59
1853,9,18,66,2,64
1854,9,14,87,1,48
1855,9,15,103,1,56
1856,9,16,83,1,53
1857,10,18,57,2,55
1858,9,17,79,1,52
1859,10,17,69,2,51
1860,10,17,35,2,44
1861,9,15,116,2,66
1862,8,16,59,2,51
1863,8,14,104,0,49
1864,10,18,73,2,65
1865,10,16,100,2,65
1866,8,16,95,1,59
1867,8,15,97,3,75
1868,8,15,83,3,71
1869,9,15,84,2,54
1870,9,17,110,2,70
1871,9,18,62,2,56
1872,8,13,71,1,44
1873,10,18,81,2,60
1874,10,18,66,2,53
1875,8,16,100,1,55
1876,8,16,85,1,55
1877,9,15,63,1,43
1878,9,15,97,2,66
1879,9,17,99,3,74
1880,9,16,93,2,63
1881,8,18,60,2,58
1882,9,16,92,3,80
1883,8,15,85,3,72
1884,9,17,82,2,63
1885,9,17,64,2,56
1886,9,16,111,2,69
1887,10,18,93,2,62
1888,8,16,90,1,57
1889,8,17,72,2,65
1890,10,19,93,2,65
1891,9,14,119,3,75
1892,8,16,100,2,73
1893,8,15,98,2,62
1894,8,15,88,2,64
1895,8,14,90,2,58
1896,8,15,69,3,63
1897,8,15,101,3,78
1898,8,14,106,2,68
1899,8,15,81,3,73
1900,9,16,63,0,37
1901,9,15,103,2,60
1902,8,15,67,2,61
1903,8,14,91,3,69
1904,10,19,93,2,74
1905,10,18,91,2,67
1906,10,18,82,2,64
1907,10,18,101,2,71
1908,8,14,75,2,55
1909,10,18,113,2,77
1910,10,19,89,2,64
1911,8,16,90,2,69
1912,10,18,117,2,73
1913,9,17,95,2,64
1914,10,17,71,3,67
1915,8,16,79,3,70
1916,8,15,82,3,75
1917,10,18,88,2,63
1918,10,16,79,2,59
1919,9,16,81,2,61
1920,10,17,122,3,84
1921,10,16,86,3,72
1922,10,18,88,2,59
1923,9,15,97,1,47
1924,10,18,84,2,67
1925,8,15,81,2,61
1926,8,16,74,2,59
1927,9,17,103,2,70
1928,9,16,82,2,58
1929,9,17,89,1,51
1930,8,15,71,3,68
1931,8,16,110,1,61
1932,9,17,105,2,67
1933,8,15,104,1,64
1934,9,17,136,3,88
1935,8,17,54,2,52
1936,8,17,55,2,58
1937,8,16,96,2,62
1938,9,18,117,2,73
1939,10,15,90,2,56
1940,10,18,107,2,70
1941,10,15,93,3,65
1942,8,16,100,2,70
1943,9,16,94,1,52
1944,10,14,100,3,67
1945,9,20,85,0,54
1946,10,19,85,3,72
1947,9,15,101,1,55
1948,8,16,118,2,78
1949,10,17,81,1,49
1950,9,17,121,2,71
1951,8,16,71,2,63
1952,9,17,66,2,59
1953,10,17,117,3,82
1954,9,17,76,3,67
1955,9,16,89,2,62
1956,9,16,53,2,53
1957,10,17,80,2,67
1958,10,17,82,1,54
1959,8,15,108,2,72
1960,9,16,73,2,61
1961,8,14,65,2,56
1962,9,15,126,2,71
1963,8,13,140,2,75
1964,10,17,89,2,65
1965,9,16,111,2,73
1966,10,17,99,3,75
1967,9,15,91,1,52
1968,10,19,61,3,64
1969,9,16,91,3,77
1970,8,16,87,2,59
1971,8,15,85,2,60
1972,10,19,66,2,61
1973,9,15,72,2,60
1974,10,19,79,2,66
1975,10,18,86,1,53
1976,10,17,64,3,68
1977,10,18,102,3,82
1978,8,14,105,3,77
1979,9,17,109,2,69
1980,10,17,79,2,61
1981,10,18,74,3,68
1982,10,16,75,2,51
1983,9,17,83,3,75
1984,9,17,75,2,57
1985,10,20,92,1,58
1986,8,15,92,2,62
1987,8,14,74,2,52
1988,9,17,89,3,73
1989,10,17,92,1,57
1990,8,14,106,2,64
1991,9,17,99,2,68
1992,9,17,78,2,62
1993,9,16,96,1,57
1994,10,19,100,2,72
1995,10,18,75,2,56
1996,10,18,103,1,65
1997,9,16,71,2,54
1998,9,17,124,2,79
1999,8,15,67,2,59
2000,8,15,87,2,61
2001,8,15,78,2,60
2002,9,15,70,2,55
2003,8,15,127,2,80
2004,9,16,71,2,59
2005,8,16,114,2,77
2006,9,17,96,1,54
2007,8,16,75,0,43
2008,10,16,86,2,56
2009,9,16,88,2,64
2010,8,15,103,2,63
2011,8,14,96,3,71
2012,9,15,92,3,74
2013,10,17,92,1,59
2014,8,14,92,1,52
2015,10,17,88,3,74
2016,10,17,77,2,65
2017,10,17,76,2,56
2018,9,16,96,2,65
2019,10,17,85,2,60
2020,9,15,115,2,73
2021,10,14,77,2,47
2022,9,17,70,2,57
2023,9,14,70,2,47
2024,10,18,144,2,88
2025,10,18,63,2,54
2026,8,15,75,3,63
2027,10,18,99,2,73
2028,9,15,89,2,64
2029,8,16,96,2,73
2030,8,16,96,3,75
2031,9,15,109,3,74
2032,8,16,79,1,55
2033,9,16,59,3,65
2034,9,15,75,2,55
2035,9,17,72,1,49
2036,9,16,93,2,65
2037,8,16,66,2,63
2038,8,12,61,3,51
2039,10,17,77,2,62
2040,8,16,97,2,69
2041,8,14,87,3,69
2042,9,15,102,3,78
2043,9,17,93,2,62
2044,8,16,65,3,66
2045,8,16,89,1,58
2046,8,15,100,1,58
2047,10,18,74,2,65
2048,9,17,99,2,69
2049,8,14,94,1,54
2050,8,14,74,2,60
2051,9,15,83,3,63
2052,9,15,76,1,46
2053,8,16,77,1,53
2054,9,16,109,2,65
2055,10,18,89,2,61
2056,9,15,79,2,51
2057,9,16,81,2,57
2058,10,19,108,2,74
2059,9,18,119,1,70
2060,10,18,103,2,74
2061,10,16,112,2,69
2062,9,15,99,2,62
2063,10,17,107,1,63
2064,8,15,57,2,53
2065,10,17,71,3,62
2066,10,16,72,1,47
2067,9,17,135,1,75
2068,9,16,96,2,62
2069,10,17,113,2,68
2070,8,16,80,3,68
2071,10,19,83,2,63
2072,10,18,90,2,65
2073,10,14,79,2,55
2074,10,16,101,2,62
2075,10,15,90,2,61
2076,9,19,72,4,86
2077,8,13,98,2,61
2078,10,19,97,1,63
2079,8,14,116,3,78
2080,10,19,109,1,60
2081,8,17,116,3,87
2082,10,19,66,2,58
2083,8,12,78,2,56
2084,10,20,103,2,77
2085,10,18,110,2,73
2086,10,17,92,2,63
2087,8,17,77,1,56
2088,9,16,72,3,65
2089,9,17,84,2,67
2090,8,17,101,2,75
2091,8,15,87,2,65
2092,8,17,105,2,75
2093,8,15,78,2,54
2094,9,16,79,2,60
2095,10,14,54,2,46
2096,9,18,119,2,75
2097,10,15,110,2,64
2098,9,18,82,3,75
2099,9,14,49,2,41
2100,8,12,112,2,65
2101,10,18,85,2,59
2102,9,14,75,2,51
2103,9,16,97,0,49
2104,10,18,128,2,84
2105,8,16,87,1,57
2106,8,15,69,2,54
2107,9,15,82,2,53
2108,10,16,89,1,52
2109,10,17,94,2,64
2110,8,14,112,3,79
2111,9,16,72,2,59
2112,9,17,90,2,66
2113,10,19,76,2,68
2114,10,16,78,3,63
2115,8,15,86,1,46
2116,9,17,55,2,60
2117,9,17,76,2,57
2118,9,15,82,2,54
2119,8,16,90,3,70
2120,8,16,103,2,71
2121,9,15,95,3,77
2122,10,18,101,2,65
2123,9,18,81,3,76
2124,8,16,61,3,63
2125,9,15,70,2,50
2126,8,16,119,2,74
2127,9,15,107,2,71
2128,10,16,106,2,66
2129,8,16,108,2,76
2130,10,17,100,2,70
2131,9,16,112,2,68
2132,9,16,81,1,55
2133,9,16,121,1,68
2134,8,14,102,2,69
2135,9,17,117,3,80
2136,9,15,98,1,55
2137,9,17,39,1,43
2138,9,17,102,2,67
2139,9,14,86,3,61
2140,9,16,82,3,67
2141,9,17,115,2,77
2142,8,16,85,2,66
2143,8,15,103,2,67
2144,10,19,67,3,69
2145,8,16,111,2,67
2146,8,16,119,1,68
2147,10,17,47,2,48
2148,8,16,88,2,62
2149,10,15,88,1,50
2150,8,13,107,3,79
2151,10,17,80,3,70
2152,10,19,61,1,48
2153,10,16,89,1,52
2154,10,19,75,2,58
2155,9,16,102,2,69
2156,9,15,111,2,72
2157,8,15,93,2,60
2158,10,18,84,4,84
2159,10,18,109,2,70
2160,10,17,82,1,48
2161,10,17,112,2,72
2162,8,15,90,3,71
2163,8,15,71,2,59
2164,10,20,75,1,58
2165,10,17,77,3,71
2166,8,15,83,2,58
2167,8,16,110,1,62
2168,9,18,76,1,54
2169,8,13,94,1,48
2170,9,15,101,1,56
2171,10,18,66,2,55
2172,8,15,73,3,67
2173,8,15,62,2,51
2174,9,16,95,2,61
2175,8,16,74,2,59
2176,8,15,105,1,62
2177,8,15,80,1,51
2178,9,19,76,3,72
2179,10,18,89,3,69
2180,8,15,106,1,60
2181,8,17,81,2,64
2182,9,19,106,2,74
2183,9,18,63,3,71
2184,9,16,80,3,67
2185,10,17,79,0,43
2186,9,17,88,3,74
2187,10,18,108,1,62
2188,9,16,89,1,54
2189,8,16,58,2,57
2190,9,17,92,2,68
2191,8,15,70,2,60
2192,9,15,93,2,59
2193,10,16,114,0,52
2194,8,18,101,2,73
2195,9,17,84,1,57
2196,8,17,99,2,67
2197,8,14,58,3,64
2198,10,18,80,1,57
2199,10,16,69,2,52
2200,9,16,115,2,73
2201,9,18,69,1,56
2202,10,18,95,2,64
2203,8,18,95,2,76
2204,8,14,60,1,37
2205,10,16,88,2,61
2206,9,14,64,1,42
2207,10,17,102,1,55
2208,10,19,100,1,66
2209,9,16,83,1,49
2210,8,16,133,1,74
2211,8,16,65,2,59
2212,10,16,85,2,59
2213,8,14,96,2,58
2214,9,17,136,2,82
2215,9,16,46,2,42
2216,8,15,113,2,70
2217,8,16,90,2,69
2218,8,16,80,1,56
2219,10,16,100,2,69
2220,10,19,105,0,56
2221,10,17,134,2,80
2222,8,15,131,3,84
2223,10,17,98,2,71
2224,8,16,66,2,54
2225,9,18,95,1,65
2226,8,16,93,1,54
2227,9,16,105,2,70
2228,8,16,108,2,76
2229,9,16,74,1,50
2230,9,17,63,2,54
2231,8,14,79,1,52
2232,10,17,71,2,51
2233,9,14,67,2,45
2234,9,15,94,2,62
2235,8,15,80,2,62
2236,9,15,101,3,72
2237,10,17,65,3,62
2238,10,17,95,2,64
2239,9,16,112,2,67
2240,9,16,97,3,74
2241,8,17,80,2,67
2242,9,17,104,2,72
2243,8,16,104,1,65
2244,8,17,121,2,79
2245,10,16,71,2,56
2246,10,16,85,2,58
2247,8,15,71,2,59
2248,10,17,87,2,65
2249,10,17,81,1,52
2250,8,15,81,2,62
2251,9,15,93,1,53
2252,8,15,109,2,69
2253,10,18,102,3,77
2254,10,19,109,2,77
2255,9,15,94,2,66
2256,9,16,87,2,64
2257,9,15,61,3,63
2258,9,15,110,3,75
2259,8,15,96,2,67
2260,8,15,83,2,58
2261,9,16,94,2,64
2262,8,15,92,1,50
2263,10,16,95,3,68
2264,10,17,95,3,72
2265,9,17,103,2,70
2266,8,15,68,2,59
2267,10,15,56,3,54
2268,10,18,84,1,55
2269,9,17,73,2,62
2270,10,18,102,1,63
2271,9,16,62,1,38
2272,8,14,94,3,76
2273,8,15,69,2,59
2274,10,17,119,1,67
2275,8,17,88,3,74
2276,10,17,112,2,71
2277,8,15,104,1,63
2278,9,16,94,2,69
2279,8,15,97,3,75
2280,9,17,65,2,56
2281,8,15,73,2,61
2282,9,16,100,2,65
2283,8,16,109,1,62
2284,8,13,84,2,59
2285,8,13,64,3,61
2286,10,17,130,3,85
2287,9,18,91,1,61
2288,8,14,98,2,62
2289,8,14,78,1,49
2290,10,19,73,2,62
2291,9,16,108,1,61
2292,9,17,34,1,34
2293,10,18,100,2,72
2294,9,19,113,1,67
2295,10,17,95,3,71
2296,8,15,81,1,50
2297,10,16,111,2,66
2298,9,18,91,1,60
2299,8,15,100,2,69
2300,8,16,110,2,71
2301,8,17,79,2,67
2302,9,16,92,2,61
2303,8,17,100,1,65
2304,8,15,93,1,53
2305,8,16,118,1,64
2306,10,19,94,3,76
2307,10,17,55,2,52
2308,9,16,90,4,81
2309,9,15,107,2,62
2310,8,14,109,3,73
2311,10,17,101,3,75
2312,10,15,88,2,52
2313,9,15,131,3,82
2314,8,15,102,2,66
2315,10,17,56,2,47
2316,9,15,98,2,63
2317,9,14,68,2,47
2318,10,17,76,2,61
2319,8,15,77,2,59
2320,8,14,49,1,37
2321,10,18,71,2,55
2322,10,17,103,1,60
2323,8,16,86,2,64
2324,10,18,60,2,53
2325,10,16,89,2,64
2326,9,15,90,3,73
2327,9,18,69,1,47
2328,10,18,70,1,48
2329,8,17,107,0,52
2330,10,18,61,2,55
2331,9,18,78,1,58
2332,10,19,142,1,79
2333,9,17,77,2,61
2334,9,17,87,2,65
2335,9,14,75,2,52
2336,9,16,108,1,64
2337,10,16,76,2,57
2338,8,15,79,2,64
2339,8,17,78,2,61
2340,9,16,86,3,66
2341,9,15,88,1,53
2342,9,17,117,1,67
2343,10,18,75,1,51
2344,9,18,67,3,68
2345,9,15,76,2,51
2346,8,15,78,3,67
2347,10,17,87,2,59
2348,10,16,87,1,51
2349,9,14,78,3,62
2350,9,17,77,1,55
2351,9,17,83,2,62
2352,9,16,120,2,77
2353,10,18,98,1,57
2354,10,19,65,1,47
2355,8,17,74,3,73
2356,8,15,105,3,79
2357,9,16,89,2,64
2358,9,16,86,2,61
2359,9,17,93,3,72
2360,8,14,87,1,44
2361,9,15,73,2,49
2362,10,18,55,2,57
2363,8,16,90,2,67
2364,10,18,87,1,58
2365,9,15,88,3,67
2366,10,18,105,2,74
2367,8,15,110,1,54
2368,10,17,125,1,61
2369,10,17,74,2,55
2370,10,19,73,1,54
2371,8,16,83,1,54
2372,8,16,81,1,54
2373,10,17,98,1,57
2374,8,15,98,3,72
2375,8,16,86,2,68
2376,10,17,60,2,51
2377,8,14,79,1,50
2378,8,14,103,1,61
2379,9,16,103,1,59
2380,10,17,99,1,60
2381,10,16,87,1,45
2382,8,14,79,1,44
2383,10,16,97,2,63
2384,10,16,67,3,62
2385,9,18,90,3,76
2386,9,17,79,2,62
2387,10,18,89,1,59
2388,10,17,69,2,51
2389,9,18,89,2,70
2390,9,15,108,3,79
2391,8,15,94,1,58
2392,10,17,60,3,67
2393,8,16,83,2,58
2394,8,14,90,1,55
2395,9,13,106,1,56
2396,9,17,100,3,84
2397,9,18,88,3,73
2398,8,16,83,3,72
2399,8,16,91,2,63
2400,10,18,94,3,78
2401,9,15,60,2,55
2402,10,17,75,2,56
2403,10,18,106,2,67
2404,9,17,65,1,50
2405,10,17,86,3,72
2406,8,16,99,1,62
2407,10,17,69,2,61
2408,10,17,99,2,64
2409,9,14,113,2,68
2410,10,18,69,2,60
2411,9,17,50,2,49
2412,9,16,100,2,65
2413,8,14,104,2,62
2414,9,16,65,4,74
2415,10,17,96,1,51
2416,9,16,103,3,82
2417,10,17,114,2,76
2418,8,15,104,2,65
2419,9,15,78,2,53
2420,9,17,83,3,68
2421,8,15,86,2,60
2422,10,18,113,2,73
2423,8,15,79,3,69
2424,9,16,51,2,50
2425,10,17,70,2,59
2426,8,14,97,2,61
2427,9,18,92,1,60
2428,10,17,88,3,77
2429,9,17,119,2,80
2430,8,17,98,2,71
2431,10,16,60,2,54
2432,9,16,77,3,70
2433,8,15,121,2,76
2434,8,16,109,2,76
2435,10,16,96,3,71
2436,8,14,88,1,54
2437,10,15,82,2,50
2438,9,13,56,2,46
2439,9,16,86,2,60
2440,8,16,93,2,65
2441,9,17,98,1,54
2442,8,14,98,0,41
2443,8,17,64,1,54
2444,8,17,71,2,64
2445,9,16,104,3,75
2446,9,15,46,3,50
2447,8,16,78,3,67
2448,10,16,74,1,44
2449,9,17,88,2,70
2450,8,14,66,2,50
2451,9,15,74,2,51
2452,10,18,56,1,47
2453,8,14,115,1,57
2454,9,17,76,2,56
2455,10,16,103,1,52
2456,10,17,78,1,52
2457,10,17,91,2,70
2458,8,15,70,3,63
2459,10,18,99,2,74
2460,9,16,80,1,53
2461,10,16,83,3,64
2462,8,15,90,2,61
2463,8,15,59,1,39
2464,10,18,75,2,57
2465,8,16,75,1,53
2466,10,14,113,2,63
2467,9,17,90,1,60
2468,10,16,99,1,58
2469,9,17,54,3,60
2470,10,18,92,2,63
2471,9,16,85,3,72
2472,9,16,114,2,66
2473,10,16,96,4,78
2474,8,14,95,2,63
2475,9,15,75,1,46
2476,10,15,115,2,66
2477,8,15,83,2,60
2478,8,16,87,4,83
2479,9,16,75,2,62
2480,9,17,101,1,60
2481,8,16,131,3,88
2482,10,16,88,2,58
2483,9,17,90,1,59
2484,8,16,88,2,59
2485,9,17,88,3,71
2486,10,18,99,2,71
2487,9,17,100,2,74
2488,10,20,97,1,66
2489,10,18,50,3,63
2490,9,16,57,2,51
2491,8,15,91,1,55
2492,10,16,91,2,56
2493,9,15,87,1,46
2494,10,17,106,2,69
2495,10,18,107,2,70
2496,8,16,88,2,69
2497,10,16,64,2,48
2498,8,15,128,2,72
2499,9,17,79,2,61
2500,10,20,71,1,53
2501,8,15,99,2,71
2502,9,16,102,3,73
2503,8,13,84,1,51
2504,10,17,79,1,49
2505,8,14,62,1,44
2506,8,16,66,2,60
2507,8,16,47,2,50
2508,10,18,78,2,57
2509,9,15,80,3,69
2510,9,17,108,2,74
2511,9,18,92,2,71
2512,10,16,108,3,76
2513,10,17,46,3,52
2514,9,16,88,0,42
2515,8,16,69,1,50
2516,8,16,91,1,58
2517,8,16,93,1,55
2518,9,16,97,1,56
2519,9,19,107,2,71
2520,10,18,100,1,56
2521,9,16,107,2,64
2522,8,16,37,1,40
2523,9,13,62,3,51
2524,10,17,113,1,58
2525,9,16,71,2,57
2526,9,14,73,3,59
2527,9,16,91,1,55
2528,10,18,103,1,62
2529,10,17,90,2,64
2530,8,17,108,2,71
2531,9,16,104,2,66
2532,10,15,110,2,60
2533,9,16,63,2,50
2534,9,18,83,1,56
2535,10,19,100,1,60
2536,8,13,63,3,54
2537,10,16,84,1,53
2538,8,15,104,2,64
2539,9,17,107,2,70
2540,9,16,109,2,68
2541,8,13,76,2,48
2542,9,16,102,0,51
2543,8,13,87,2,57
2544,10,16,72,3,67
2545,8,15,104,2,65
2546,10,14,61,2,47
2547,8,14,101,0,47
2548,10,16,91,1,55
2549,10,16,43,3,56
2550,8,15,106,1,63
2551,9,15,82,1,54
2552,10,19,103,1,62
2553,8,13,79,3,60
2554,9,16,116,2,75
2555,8,17,123,2,77
2556,8,15,57,3,66
2557,10,19,84,2,67
2558,8,14,89,1,55
2559,9,16,80,2,62
2560,9,16,92,1,53
2561,10,16,75,2,57
2562,8,15,99,1,53
2563,10,19,67,3,69
2564,9,15,87,1,55
2565,10,16,112,2,67
2566,8,16,84,3,70
2567,9,16,92,3,73
2568,9,15,78,3,64
2569,9,15,64,2,47
2570,9,17,83,1,48
2571,10,19,105,2,68
2572,9,16,76,1,48
2573,10,15,100,1,56
2574,9,18,57,2,61
2575,10,17,101,1,61
2576,10,20,120,2,77
2577,9,16,111,3,81
2578,8,14,69,1,48
2579,8,16,86,0,47
2580,9,18,101,2,71
2581,9,15,79,2,53
2582,10,16,99,3,76
2583,10,19,107,2,70
2584,10,17,70,2,53
2585,10,18,88,2,65
2586,8,15,81,1,51
2587,8,15,115,1,56
2588,8,16,81,2,61
2589,9,18,116,2,79
2590,10,17,74,2,61
2591,8,15,111,2,73
2592,9,16,82,1,45
2593,10,18,36,1,38
2594,9,18,84,2,68
2595,9,14,98,3,68
2596,9,18,76,1,49
2597,9,17,77,3,71
2598,8,14,113,1,60
2599,9,16,94,2,67
2600,9,16,84,1,48
2601,8,17,93,2,71
2602,9,16,106,2,68
2603,9,15,76,2,49
2604,9,19,108,2,74
2605,8,15,57,1,46
2606,8,14,88,3,68
2607,10,16,101,2,60
2608,10,18,64,1,51
2609,10,17,96,0,41
2610,9,15,75,1,49
2611,8,16,77,2,58
2612,9,17,88,2,65
2613,10,15,77,2,50
2614,8,16,101,3,79
2615,8,15,100,0,47
2616,9,16,84,1,51
2617,9,16,83,2,63
2618,8,15,104,2,72
2619,9,14,89,1,44
2620,8,16,104,2,70
2621,9,18,79,2,58
2622,9,16,54,2,51
2623,9,14,84,1,49
2624,8,17,84,2,66
2625,9,16,109,2,69
2626,8,15,72,2,57
2627,8,14,118,1,64
2628,9,16,104,1,60
2629,9,16,53,2,51
2630,8,17,75,3,70
2631,8,14,110,3,73
2632,10,17,80,1,51
2633,9,16,95,2,65
2634,10,18,101,2,72
2635,10,19,46,1,46
2636,8,14,71,3,68
2637,8,16,79,2,64
2638,8,13,130,2,77
2639,10,17,85,1,55
2640,9,17,76,2,65
2641,10,16,96,1,53
2642,9,15,94,1,52
2643,8,17,108,2,78
2644,10,17,61,2,49
2645,10,16,116,1,61
2646,8,16,78,2,56
2647,10,19,78,1,47
2648,10,16,74,2,52
2649,8,14,124,2,77
2650,10,19,87,2,65
2651,8,18,95,2,70
2652,9,14,93,2,60
2653,10,17,71,2,60
2654,9,15,105,3,73
2655,9,16,86,2,59
2656,8,16,93,2,69
2657,9,17,89,2,64
2658,9,15,113,0,51
2659,9,16,100,1,59
2660,9,15,66,2,52
2661,9,16,98,2,66
2662,10,16,103,2,68
2663,8,16,81,1,58
2664,9,16,75,3,67
2665,8,15,66,2,57
2666,9,17,105,2,76
2667,9,15,95,3,71
2668,9,18,116,2,83
2669,10,17,71,1,47
2670,9,17,120,2,80
2671,9,16,128,1,71
2672,9,16,98,2,69
2673,10,18,110,3,89
2674,9,17,87,1,58
2675,10,17,66,2,61
2676,8,14,111,2,65
2677,8,16,89,1,59
2678,8,14,110,2,68
2679,9,15,103,2,69
2680,10,17,74,2,54
2681,9,18,74,4,80
2682,8,16,102,2,69
2683,9,18,102,2,70
2684,9,14,94,2,65
2685,10,15,112,1,53
2686,10,19,51,3,64
2687,10,19,92,1,60
2688,9,17,83,2,60
2689,8,14,105,1,51
2690,8,15,86,2,64
2691,10,19,87,2,62
2692,10,17,60,2,56
2693,9,17,98,3,74
2694,9,16,134,2,81
2695,8,17,73,2,63
2696,8,17,69,2,60
2697,9,15,52,2,51
2698,8,16,56,3,62
2699,9,18,70,1,47
2700,9,18,144,2,82
2701,10,18,107,2,75
2702,10,16,91,1,50
2703,8,15,82,3,68
2704,9,17,84,2,67
2705,9,16,81,2,57
2706,10,16,78,2,55
2707,8,15,78,1,45
2708,8,16,62,1,40
2709,9,15,88,2,62
2710,9,18,77,2,60
2711,8,15,78,1,51
2712,8,16,100,1,61
2713,8,15,67,1,47
2714,8,15,85,1,50
2715,9,15,83,1,52
2716,10,16,82,1,49
2717,10,17,73,2,58
2718,8,15,89,1,56
2719,10,16,80,1,51
2720,10,19,87,2,62
2721,9,15,94,2,64
2722,9,17,63,2,53
2723,9,17,63,2,58
2724,9,15,80,2,58
2725,10,18,69,3,67
2726,9,17,83,2,67
2727,8,17,97,3,77
2728,10,18,61,1,48
2729,9,16,42,2,43
2730,9,17,97,1,55
2731,8,15,101,2,66
2732,8,15,71,2,60
2733,10,18,84,2,65
2734,10,18,67,2,61
2735,9,17,112,2,75
2736,9,16,89,1,57
2737,9,17,64,2,57
2738,8,15,78,2,58
2739,10,16,126,1,58
2740,10,20,51,2,60
2741,9,18,51,5,82
2742,10,18,90,2,67
2743,9,16,89,3,69
2744,10,19,74,2,66
2745,10,16,85,3,71
2746,9,15,76,3,69
2747,9,18,114,2,82
2748,9,16,79,3,65
2749,8,15,71,2,55
2750,10,18,91,3,78
2751,8,15,90,1,50
2752,10,16,85,1,42
2753,10,18,80,2,64
2754,10,19,68,2,64
2755,10,17,105,1,60
2756,10,16,50,2,43
2757,9,17,81,2,66
2758,8,14,85,1,50
2759,9,14,67,1,36
2760,9,15,118,2,72
2761,9,16,101,1,56
2762,10,18,84,1,60
2763,10,17,93,2,61
2764,10,17,85,1,56
2765,8,16,92,3,75
2766,10,18,71,2,59
2767,10,17,70,2,54
2768,9,17,61,1,46
2769,9,16,83,2,62
2770,8,15,112,3,78
2771,8,15,100,2,68
2772,10,17,73,2,53
2773,10,17,82,2,62
2774,10,18,90,2,65
2775,10,18,69,2,65
2776,10,17,110,1,64
2777,8,15,70,2,53
2778,10,16,99,3,76
2779,9,17,81,1,52
2780,8,14,85,4,78
2781,8,16,117,3,89
2782,8,17,80,0,45
2783,9,16,99,2,65
2784,8,16,73,2,57
2785,8,16,105,2,69
2786,9,18,97,3,80
2787,9,16,63,2,52
2788,9,16,90,2,62
2789,8,15,107,3,78
2790,10,18,97,1,60
2791,9,17,85,1,54
2792,8,14,68,2,53
2793,9,17,92,2,64
2794,8,15,82,1,52
2795,10,16,75,2,54
2796,8,15,111,3,77
2797,8,14,92,2,61
2798,10,18,91,2,63
2799,10,18,93,1,58
2800,8,15,73,2,56
2801,9,16,123,2,74
2802,8,17,110,3,87
2803,8,15,100,3,78
2804,8,16,50,1,44
2805,9,16,86,2,61
2806,9,17,51,2,52
2807,10,17,75,3,65
2808,9,16,78,4,77
2809,10,17,81,1,51
2810,10,19,85,2,62
2811,9,15,83,2,61
2812,8,16,68,1,51
2813,8,15,104,2,69
2814,9,18,125,2,77
2815,9,16,84,2,61
2816,10,18,65,2,60
2817,8,18,80,2,70
2818,9,15,123,2,68
2819,8,17,101,3,79
2820,10,15,75,3,66
2821,8,16,101,2,65
2822,9,16,83,1,48
2823,10,17,84,1,54
2824,10,18,70,2,63
2825,9,16,86,2,61
2826,10,17,53,3,59
2827,10,17,90,2,66
2828,10,18,119,3,83
2829,10,17,104,1,62
2830,8,16,91,3,79
2831,8,16,77,3,77
2832,10,15,80,2,51
2833,9,17,86,2,70
2834,10,15,92,3,63
2835,8,16,123,2,75
2836,9,16,86,2,55
2837,8,16,101,1,63
2838,9,16,80,2,55
2839,9,14,71,2,50
2840,8,15,79,2,56
2841,10,17,103,1,62
2842,9,16,85,2,68
2843,8,14,76,0,36
2844,9,17,100,2,66
2845,10,17,115,3,81
2846,8,14,92,1,55
2847,10,17,87,2,67
2848,9,16,71,2,60
2849,10,17,86,1,52
2850,10,18,86,1,49
2851,10,15,130,2,72
2852,9,17,98,2,66
2853,10,17,67,1,45
2854,8,14,109,3,76
2855,10,19,96,3,81
2856,10,16,96,3,76
2857,8,15,64,2,60
2858,9,17,128,1,70
2859,9,16,79,1,50
2860,10,18,104,1,58
2861,8,17,72,2,59
2862,10,17,92,1,57
2863,8,16,136,2,83
2864,10,16,93,2,68
2865,9,17,116,2,71
2866,8,14,97,1,55
2867,8,16,70,3,68
2868,9,15,103,2,64
2869,8,15,97,1,55
2870,8,15,93,2,64
2871,10,16,97,2,61
2872,9,16,87,2,64
2873,8,17,88,2,70
2874,9,14,82,2,57
2875,9,18,78,2,60
2876,9,17,67,2,63
2877,8,15,123,1,62
2878,9,16,75,1,50
2879,9,16,78,1,54
2880,10,17,91,1,55
2881,10,17,87,2,66
2882,9,16,72,2,51
2883,9,17,85,1,57
2884,10,17,107,1,63
2885,8,14,145,3,91
2886,8,15,85,0,43
2887,9,17,91,2,67
2888,8,15,93,2,60
2889,8,17,113,2,73
2890,8,17,97,2,72
2891,10,19,93,2,65
2892,9,17,65,1,46
2893,8,14,81,2,62
2894,9,16,63,2,52
2895,9,17,68,2,54
2896,10,16,99,1,57
2897,10,17,88,3,75
2898,8,17,98,1,61
2899,8,14,107,2,61
2900,10,18,62,2,61
2901,8,17,59,2,55
2902,10,19,103,1,64
2903,10,17,99,1,59
2904,8,15,89,2,63
2905,9,17,77,2,60
2906,8,16,112,0,54
2907,10,17,113,1,57
2908,9,14,124,2,68
2909,9,19,74,2,68
2910,8,13,58,1,38
2911,8,12,80,1,39
2912,10,15,121,2,68
2913,10,17,61,3,65
2914,9,15,89,3,68
2915,10,16,71,3,67
2916,9,18,75,2,60
2917,8,13,103,2,65
2918,9,16,72,2,55
2919,8,18,99,1,63
2920,9,16,110,2,74
2921,9,19,103,2,76
2922,9,17,78,3,69
2923,9,16,108,2,70
2924,8,16,100,2,68
2925,8,14,92,2,58
2926,10,19,70,2,66
2927,8,15,39,3,60
2928,8,16,99,3,76
2929,10,18,82,2,62
2930,10,20,90,2,70
2931,9,18,82,2,70
2932,9,16,87,2,66
2933,10,19,93,2,69
2934,10,19,77,2,61
2935,8,15,95,3,71
2936,10,18,91,1,54
2937,10,18,142,2,83
2938,8,17,86,2,70
2939,10,16,69,2,55
2940,9,15,77,1,48
2941,9,14,70,2,47
2942,9,16,75,1,51
2943,10,17,69,2,51
2944,9,17,65,2,55
2945,10,16,91,2,60
2946,10,17,88,2,67
2947,9,16,94,2,69
2948,9,15,60,3,60
2949,10,18,107,2,72
2950,8,15,74,2,55
2951,9,16,104,2,69
2952,9,13,116,2,62
2953,9,16,90,2,66
2954,8,14,107,3,79
2955,9,14,91,2,55
2956,10,17,78,3,64
2957,8,15,63,2,54
2958,8,15,84,3,70
2959,10,18,94,1,54
2960,9,17,104,2,70
2961,9,15,88,3,73
2962,8,17,87,2,69
2963,10,17,64,2,55
2964,10,19,103,2,69
2965,8,14,79,2,61
2966,8,14,95,1,50
2967,8,16,114,2,74
2968,8,15,89,2,58
2969,8,13,85,1,47
2970,10,17,60,3,62
2971,10,16,61,2,57
2972,9,16,82,2,61
2973,9,17,58,2,60
2974,8,14,88,1,52
2975,9,17,91,3,76
2976,10,17,73,1,42
2977,10,16,58,2,52
2978,10,19,101,2,71
2979,9,15,77,2,59
2980,10,16,104,2,68
2981,8,14,97,1,53
2982,9,16,85,2,66
2983,8,14,119,2,77
2984,10,18,92,2,68
2985,9,16,96,2,63
2986,10,17,77,2,63
2987,10,19,20,2,42
2988,10,19,114,2,78
2989,8,16,57,3,60
2990,10,20,132,2,89
2991,10,18,66,2,54
2992,8,15,90,2,63
2993,9,16,86,3,78
2994,9,15,88,2,62
2995,8,15,71,2,60
2996,9,17,72,1,52
2997,8,14,78,2,56
2998,8,15,86,2,57
2999,8,16,98,2,65
3000,9,14,89,2,57
